date,time,temperature_2m,temp_f
2026-06-25,2026-06-25T11:30,17.4,63.3
2026-06-25,2026-06-25T11:45,17.6,63.7
2026-06-25,2026-06-25T15:00,13.8,56.8
2026-06-26,2026-06-26T08:30,9.3,48.7
2026-06-26,2026-06-26T09:30,11.0,51.8
2026-06-26,2026-06-26T09:45,11.5,52.7
2026-06-26,2026-06-26T10:00,11.9,53.4
2026-06-26,2026-06-26T10:15,12.3,54.1
2026-06-26,2026-06-26T10:30,12.6,54.7
2026-06-26,2026-06-26T11:30,11.0,51.8
2026-06-26,2026-06-26T14:45,7.8,46.0
2026-06-27,2026-06-27T01:00,2.9,37.2
2026-06-27,2026-06-27T08:45,7.2,45.0
2026-06-27,2026-06-27T13:30,6.9,44.4
2026-06-28,2026-06-28T01:30,2.7,36.9
2026-06-28,2026-06-28T09:00,6.7,44.1
2026-06-28,2026-06-28T13:30,8.7,47.7
2026-06-29,2026-06-29T06:15,5.8,42.4
2026-06-29,2026-06-29T14:45,19.0,66.2
2026-06-30,2026-06-30T03:30,5.2,41.4
2026-06-30,2026-06-30T11:15,14.3,57.7
2026-07-01,2026-07-01T03:45,2.0,35.6
2026-07-01,2026-07-01T11:30,7.7,45.9
2026-07-02,2026-07-02T01:30,1.8,35.2
2026-07-02,2026-07-02T11:15,10.7,51.3
2026-07-03,2026-07-03T02:30,3.2,37.8
2026-07-03,2026-07-03T10:00,10.0,50.0
2026-07-04,2026-07-04T01:00,4.8,40.6
2026-07-04,2026-07-04T08:45,8.4,47.1
2026-07-04,2026-07-04T13:30,12.4,54.3
2026-07-05,2026-07-05T01:30,2.6,36.7
2026-07-05,2026-07-05T08:45,5.9,42.6
2026-07-05,2026-07-05T13:30,10.0,50.0
2026-07-06,2026-07-06T05:15,0.8,33.4
2026-07-06,2026-07-06T15:00,18.6,65.5
2026-07-07,2026-07-07T14:45,20.5,68.9
2026-07-08,2026-07-08T00:15,10.1,50.2
2026-07-08,2026-07-08T10:00,11.4,52.5
2026-07-09,2026-07-09T03:30,6.9,44.4
2026-07-09,2026-07-09T11:15,11.3,52.3
2026-07-10,2026-07-10T03:30,4.5,40.1
2026-07-10,2026-07-10T11:00,12.4,54.3
2026-07-11,2026-07-10T23:15,7.1,44.8
2026-07-11,2026-07-11T03:30,4.0,39.2
2026-07-11,2026-07-11T08:30,7.4,45.3
2026-07-11,2026-07-11T13:00,13.7,56.7
2026-07-12,2026-07-12T00:30,5.4,41.7
2026-07-12,2026-07-12T08:30,8.6,47.5
2026-07-12,2026-07-12T13:00,10.7,51.3
2026-07-13,2026-07-13T01:30,2.3,36.1
2026-07-13,2026-07-13T11:15,14.0,57.2
2026-07-14,2026-07-13T23:15,7.0,44.6
2026-07-14,2026-07-14T04:45,1.2,34.2
2026-07-14,2026-07-14T09:30,13.7,56.7
2026-07-14,2026-07-14T13:30,20.6,69.1
2026-07-15,2026-07-14T23:15,8.5,47.3
2026-07-15,2026-07-15T05:00,4.1,39.4
2026-07-15,2026-07-15T13:30,21.0,69.8
2026-07-16,2026-07-15T23:30,8.8,47.8
2026-07-16,2026-07-16T05:00,5.1,41.2
2026-07-16,2026-07-16T13:00,21.5,70.7
2026-07-17,2026-07-16T23:15,11.0,51.8
2026-07-17,2026-07-17T04:45,5.6,42.1
2026-07-17,2026-07-17T09:30,19.3,66.7
2026-07-17,2026-07-17T13:15,25.1,77.2
2026-07-18,2026-07-17T22:45,11.8,53.2
2026-07-18,2026-07-18T03:45,8.8,47.8
2026-07-18,2026-07-18T08:30,16.8,62.2
2026-07-18,2026-07-18T13:00,19.8,67.6
2026-07-19,2026-07-19T00:15,7.0,44.6
2026-07-19,2026-07-19T08:30,9.7,49.5
2026-07-19,2026-07-19T13:00,14.1,57.4
2026-07-20,2026-07-20T01:15,7.7,45.9
2026-07-20,2026-07-20T10:00,8.8,47.8
2026-07-21,2026-07-21T00:30,4.2,39.6
2026-07-21,2026-07-21T09:45,13.4,56.1
2026-07-21,2026-07-21T13:45,19.5,67.1
2026-07-22,2026-07-22T00:30,8.6,47.5
2026-07-22,2026-07-22T09:45,18.3,64.9
2026-07-22,2026-07-22T13:45,22.5,72.5
2026-07-23,2026-07-23T00:30,11.2,52.2
2026-07-23,2026-07-23T10:00,20.4,68.7
2026-07-24,2026-07-24T00:30,10.2,50.4
2026-07-24,2026-07-24T10:00,18.4,65.1
2026-07-24,2026-07-24T15:45,20.8,69.4
2026-07-25,2026-07-25T01:45,7.9,46.2
2026-07-25,2026-07-25T05:45,7.3,45.1
2026-07-25,2026-07-25T10:45,19.1,66.4
2026-07-25,2026-07-25T15:30,19.9,67.8
2026-07-26,2026-07-26T02:00,7.1,44.8
2026-07-26,2026-07-26T05:45,5.3,41.5
2026-07-26,2026-07-26T10:45,14.0,57.2
2026-07-26,2026-07-26T15:45,15.6,60.1
2026-07-27,2026-07-27T03:30,6.7,44.1
2026-07-27,2026-07-27T07:00,8.1,46.6
2026-07-27,2026-07-27T11:15,12.5,54.5
2026-07-27,2026-07-27T15:45,16.0,60.8
2026-07-28,2026-07-28T02:15,6.5,43.7
2026-07-28,2026-07-28T06:15,6.8,44.2
2026-07-28,2026-07-28T11:00,15.8,60.4
2026-07-28,2026-07-28T15:45,9.4,48.9
2026-07-29,2026-07-29T02:30,3.8,38.8
2026-07-29,2026-07-29T06:15,3.6,38.5
2026-07-29,2026-07-29T11:00,12.5,54.5
2026-07-29,2026-07-29T15:30,16.0,60.8
2026-07-30,2026-07-30T02:15,3.9,39.0
2026-07-30,2026-07-30T06:15,4.0,39.2
2026-07-30,2026-07-30T11:00,16.7,62.1
2026-07-30,2026-07-30T15:45,18.6,65.5
2026-07-31,2026-07-31T02:30,6.4,43.5
2026-07-31,2026-07-31T06:15,6.2,43.2
2026-07-31,2026-07-31T11:00,18.9,66.0
2026-07-31,2026-07-31T15:45,19.4,66.9
2026-08-01,2026-08-01T01:45,8.6,47.5
2026-08-01,2026-08-01T05:45,7.4,45.3
2026-08-01,2026-08-01T10:45,18.7,65.7
2026-08-01,2026-08-01T15:30,18.1,64.6
2026-08-02,2026-08-02T02:00,2.5,36.5
2026-08-02,2026-08-02T05:45,2.6,36.7
2026-08-02,2026-08-02T10:45,8.3,46.9
2026-08-02,2026-08-02T15:30,4.0,39.2
2026-08-03,2026-08-03T03:30,-0.2,31.6
2026-08-03,2026-08-03T07:00,1.2,34.2
2026-08-03,2026-08-03T11:15,9.5,49.1
2026-08-03,2026-08-03T15:45,12.8,55.0
2026-08-04,2026-08-04T02:30,3.0,37.4
2026-08-04,2026-08-04T06:15,1.9,35.4
2026-08-04,2026-08-04T11:15,14.0,57.2
2026-08-04,2026-08-04T15:45,16.8,62.2
2026-08-05,2026-08-05T02:15,6.6,43.9
2026-08-05,2026-08-05T06:15,4.4,39.9
2026-08-05,2026-08-05T11:00,15.0,59.0
2026-08-05,2026-08-05T15:45,19.1,66.4
2026-08-06,2026-08-06T02:30,6.1,43.0
2026-08-06,2026-08-06T06:15,7.0,44.6
2026-08-07,2026-08-06T18:15,15.1,59.2
2026-08-07,2026-08-07T01:00,5.4,41.7
2026-08-07,2026-08-07T05:30,3.2,37.8
2026-08-07,2026-08-07T10:30,18.1,64.6
2026-08-07,2026-08-07T15:15,22.3,72.1
2026-08-08,2026-08-08T00:30,7.5,45.5
2026-08-08,2026-08-08T05:15,4.1,39.4
2026-08-08,2026-08-08T10:15,14.9,58.8
2026-08-08,2026-08-08T15:00,17.2,63.0
2026-08-09,2026-08-09T00:30,5.9,42.6
2026-08-09,2026-08-09T05:15,3.8,38.8
2026-08-09,2026-08-09T10:15,15.1,59.2
2026-08-09,2026-08-09T15:15,16.0,60.8
2026-08-10,2026-08-10T01:15,5.2,41.4
2026-08-10,2026-08-10T05:30,4.6,40.3
2026-08-10,2026-08-10T10:30,10.9,51.6
2026-08-10,2026-08-10T15:15,12.4,54.3
2026-08-11,2026-08-11T00:45,3.6,38.5
2026-08-11,2026-08-11T05:30,0.4,32.7
2026-08-11,2026-08-11T10:45,10.7,51.3
2026-08-11,2026-08-11T15:15,8.6,47.5
2026-08-12,2026-08-12T01:00,2.1,35.8
2026-08-12,2026-08-12T05:30,1.5,34.7
2026-08-12,2026-08-12T10:45,7.1,44.8
2026-08-12,2026-08-12T15:15,12.7,54.9
2026-08-13,2026-08-13T01:00,3.5,38.3
2026-08-13,2026-08-13T05:30,4.0,39.2
2026-08-13,2026-08-13T10:45,5.1,41.2
2026-08-13,2026-08-13T15:15,7.8,46.0
2026-08-14,2026-08-14T10:30,8.5,47.3
2026-08-14,2026-08-14T15:00,14.1,57.4
2026-08-15,2026-08-15T00:15,3.2,37.8
2026-08-15,2026-08-15T05:00,0.6,33.1
2026-08-15,2026-08-15T10:00,13.1,55.6
2026-08-15,2026-08-15T15:00,16.6,61.9
2026-08-16,2026-08-16T00:15,4.8,40.6
2026-08-16,2026-08-16T10:00,12.9,55.2
2026-08-16,2026-08-16T15:00,17.3,63.1
2026-08-17,2026-08-17T00:30,5.5,41.9
2026-08-17,2026-08-17T05:15,2.7,36.9
2026-08-17,2026-08-17T10:00,14.3,57.7
2026-08-17,2026-08-17T15:00,18.7,65.7
2026-08-18,2026-08-18T00:15,7.9,46.2
2026-08-18,2026-08-18T05:15,5.7,42.3
2026-08-18,2026-08-18T10:00,9.3,48.7
2026-08-18,2026-08-18T15:00,17.9,64.2
2026-08-19,2026-08-19T00:15,7.0,44.6
2026-08-19,2026-08-19T05:15,4.5,40.1
2026-08-19,2026-08-19T10:00,14.3,57.7
2026-08-19,2026-08-19T15:00,19.2,66.6
2026-08-20,2026-08-20T00:30,7.8,46.0
2026-08-20,2026-08-20T05:15,3.6,38.5
2026-08-20,2026-08-20T10:15,16.0,60.8
2026-08-20,2026-08-20T15:00,19.8,67.6
2026-08-21,2026-08-21T00:30,6.5,43.7
2026-08-21,2026-08-21T05:15,3.6,38.5
2026-08-21,2026-08-21T10:15,16.8,62.2
2026-08-21,2026-08-21T15:00,23.1,73.6
2026-08-22,2026-08-22T00:15,9.5,49.1
2026-08-22,2026-08-22T05:00,8.2,46.8
2026-08-22,2026-08-22T10:00,18.8,65.8
2026-08-22,2026-08-22T15:00,22.9,73.2
2026-08-23,2026-08-23T00:15,10.8,51.4
2026-08-23,2026-08-23T05:00,6.5,43.7
2026-08-23,2026-08-23T10:00,14.4,57.9
2026-08-23,2026-08-23T15:00,15.6,60.1
2026-08-24,2026-08-24T00:45,2.9,37.2
